{
    "loss": 10.302474975585938,
    "accuracy": 0.4313725531101227
}